{
  "method": "linear_percentile",
  "note": "risk = clamp(100*(-decision_function - lo)/(hi - lo), 0, 100)",
  "lo": -0.07460279247356957,
  "hi": 0.07516659834942542,
  "lo_percentile": 85.0,
  "hi_percentile": 99.5,
  "normal_anomaly_percentiles": {
    "p1": -0.2103075612499817,
    "p50": -0.16817819340171322,
    "p90": -0.031079241011660874,
    "p99": 0.05522044724248667,
    "p99_5": 0.07516659834942542
  },
  "feature_columns": [
    "hour_sin",
    "hour_cos",
    "ip_change",
    "device_change",
    "frequency",
    "geo_velocity",
    "failed_attempts"
  ]
}